<?xml version="1.0" encoding="UTF-8"?>
<export version="D">
  <design>
    <source>/home/natanael/Escritorio/Proyecto FINAL/Fuente de Corriente/Fuente de corriente/Fuente de corriente.sch</source>
    <date>dom 30 ago 2020 14:54:17</date>
    <tool>Eeschema 5.1.5+dfsg1-2build2</tool>
    <sheet number="1" name="/" tstamps="/">
      <title_block>
        <title/>
        <company/>
        <rev/>
        <date/>
        <source>Fuente de corriente.sch</source>
        <comment number="1" value=""/>
        <comment number="2" value=""/>
        <comment number="3" value=""/>
        <comment number="4" value=""/>
      </title_block>
    </sheet>
  </design>
  <components>
    <comp ref="J1">
      <value>Screw_Terminal_01x02</value>
      <footprint>TerminalBlock:TerminalBlock_Altech_AK300-2_P5.00mm</footprint>
      <datasheet>~</datasheet>
      <libsource lib="Connector" part="Screw_Terminal_01x02" description="Generic screw terminal, single row, 01x02, script generated (kicad-library-utils/schlib/autogen/connector/)"/>
      <sheetpath names="/" tstamps="/"/>
      <tstamp>5F4C1394</tstamp>
    </comp>
    <comp ref="U1">
      <value>LM317_3PinPackage</value>
      <footprint>Package_TO_SOT_THT:TO-220-3_Vertical</footprint>
      <datasheet>http://www.ti.com/lit/ds/symlink/lm317.pdf</datasheet>
      <libsource lib="Regulator_Linear" part="LM317_3PinPackage" description="1A 35V Adjustable Linear Regulator, SOT-89/SOT-223/TO-220/TO-252/TO-263"/>
      <sheetpath names="/" tstamps="/"/>
      <tstamp>5F4C1D58</tstamp>
    </comp>
    <comp ref="U2">
      <value>LM317_3PinPackage</value>
      <footprint>Package_TO_SOT_THT:TO-220-3_Vertical</footprint>
      <datasheet>http://www.ti.com/lit/ds/symlink/lm317.pdf</datasheet>
      <libsource lib="Regulator_Linear" part="LM317_3PinPackage" description="1A 35V Adjustable Linear Regulator, SOT-89/SOT-223/TO-220/TO-252/TO-263"/>
      <sheetpath names="/" tstamps="/"/>
      <tstamp>5F4C210F</tstamp>
    </comp>
    <comp ref="U3">
      <value>LM317_3PinPackage</value>
      <footprint>Package_TO_SOT_THT:TO-220-3_Vertical</footprint>
      <datasheet>http://www.ti.com/lit/ds/symlink/lm317.pdf</datasheet>
      <libsource lib="Regulator_Linear" part="LM317_3PinPackage" description="1A 35V Adjustable Linear Regulator, SOT-89/SOT-223/TO-220/TO-252/TO-263"/>
      <sheetpath names="/" tstamps="/"/>
      <tstamp>5F4C2712</tstamp>
    </comp>
    <comp ref="U4">
      <value>LM317_3PinPackage</value>
      <footprint>Package_TO_SOT_THT:TO-220-3_Vertical</footprint>
      <datasheet>http://www.ti.com/lit/ds/symlink/lm317.pdf</datasheet>
      <libsource lib="Regulator_Linear" part="LM317_3PinPackage" description="1A 35V Adjustable Linear Regulator, SOT-89/SOT-223/TO-220/TO-252/TO-263"/>
      <sheetpath names="/" tstamps="/"/>
      <tstamp>5F4C2AE3</tstamp>
    </comp>
    <comp ref="R1">
      <value>33</value>
      <footprint>Resistor_THT:R_Axial_DIN0207_L6.3mm_D2.5mm_P7.62mm_Horizontal</footprint>
      <datasheet>~</datasheet>
      <libsource lib="Device" part="R" description="Resistor"/>
      <sheetpath names="/" tstamps="/"/>
      <tstamp>5F4C5182</tstamp>
    </comp>
    <comp ref="R2">
      <value>33</value>
      <footprint>Resistor_THT:R_Axial_DIN0207_L6.3mm_D2.5mm_P7.62mm_Horizontal</footprint>
      <datasheet>~</datasheet>
      <libsource lib="Device" part="R" description="Resistor"/>
      <sheetpath names="/" tstamps="/"/>
      <tstamp>5F4C5940</tstamp>
    </comp>
    <comp ref="R3">
      <value>33</value>
      <footprint>Resistor_THT:R_Axial_DIN0207_L6.3mm_D2.5mm_P7.62mm_Horizontal</footprint>
      <datasheet>~</datasheet>
      <libsource lib="Device" part="R" description="Resistor"/>
      <sheetpath names="/" tstamps="/"/>
      <tstamp>5F4C5CDE</tstamp>
    </comp>
    <comp ref="R4">
      <value>33</value>
      <footprint>Resistor_THT:R_Axial_DIN0207_L6.3mm_D2.5mm_P7.62mm_Horizontal</footprint>
      <datasheet>~</datasheet>
      <libsource lib="Device" part="R" description="Resistor"/>
      <sheetpath names="/" tstamps="/"/>
      <tstamp>5F4C6133</tstamp>
    </comp>
    <comp ref="RV1">
      <value>500</value>
      <footprint>Potentiometer_THT:Potentiometer_Bourns_3296W_Vertical</footprint>
      <datasheet>~</datasheet>
      <libsource lib="Device" part="R_POT_TRIM" description="Trim-potentiometer"/>
      <sheetpath names="/" tstamps="/"/>
      <tstamp>5F4C82A0</tstamp>
    </comp>
    <comp ref="RV2">
      <value>500</value>
      <footprint>Potentiometer_THT:Potentiometer_Bourns_3296W_Vertical</footprint>
      <datasheet>~</datasheet>
      <libsource lib="Device" part="R_POT_TRIM" description="Trim-potentiometer"/>
      <sheetpath names="/" tstamps="/"/>
      <tstamp>5F4C8EAE</tstamp>
    </comp>
    <comp ref="RV3">
      <value>500</value>
      <footprint>Potentiometer_THT:Potentiometer_Bourns_3296W_Vertical</footprint>
      <datasheet>~</datasheet>
      <libsource lib="Device" part="R_POT_TRIM" description="Trim-potentiometer"/>
      <sheetpath names="/" tstamps="/"/>
      <tstamp>5F4C91FD</tstamp>
    </comp>
    <comp ref="RV4">
      <value>500</value>
      <footprint>Potentiometer_THT:Potentiometer_Bourns_3296W_Vertical</footprint>
      <datasheet>~</datasheet>
      <libsource lib="Device" part="R_POT_TRIM" description="Trim-potentiometer"/>
      <sheetpath names="/" tstamps="/"/>
      <tstamp>5F4C99BC</tstamp>
    </comp>
    <comp ref="J3">
      <value>Screw_Terminal_01x02</value>
      <footprint>TerminalBlock:TerminalBlock_Altech_AK300-2_P5.00mm</footprint>
      <datasheet>~</datasheet>
      <libsource lib="Connector" part="Screw_Terminal_01x02" description="Generic screw terminal, single row, 01x02, script generated (kicad-library-utils/schlib/autogen/connector/)"/>
      <sheetpath names="/" tstamps="/"/>
      <tstamp>5F4D3D87</tstamp>
    </comp>
    <comp ref="J4">
      <value>Screw_Terminal_01x02</value>
      <footprint>TerminalBlock:TerminalBlock_Altech_AK300-2_P5.00mm</footprint>
      <datasheet>~</datasheet>
      <libsource lib="Connector" part="Screw_Terminal_01x02" description="Generic screw terminal, single row, 01x02, script generated (kicad-library-utils/schlib/autogen/connector/)"/>
      <sheetpath names="/" tstamps="/"/>
      <tstamp>5F4D62DB</tstamp>
    </comp>
    <comp ref="J5">
      <value>Screw_Terminal_01x02</value>
      <footprint>TerminalBlock:TerminalBlock_Altech_AK300-2_P5.00mm</footprint>
      <datasheet>~</datasheet>
      <libsource lib="Connector" part="Screw_Terminal_01x02" description="Generic screw terminal, single row, 01x02, script generated (kicad-library-utils/schlib/autogen/connector/)"/>
      <sheetpath names="/" tstamps="/"/>
      <tstamp>5F4D70DC</tstamp>
    </comp>
    <comp ref="J2">
      <value>Screw_Terminal_01x02</value>
      <footprint>TerminalBlock:TerminalBlock_Altech_AK300-2_P5.00mm</footprint>
      <datasheet>~</datasheet>
      <libsource lib="Connector" part="Screw_Terminal_01x02" description="Generic screw terminal, single row, 01x02, script generated (kicad-library-utils/schlib/autogen/connector/)"/>
      <sheetpath names="/" tstamps="/"/>
      <tstamp>5F4DEED8</tstamp>
    </comp>
  </components>
  <libparts>
    <libpart lib="Connector" part="Screw_Terminal_01x02">
      <description>Generic screw terminal, single row, 01x02, script generated (kicad-library-utils/schlib/autogen/connector/)</description>
      <docs>~</docs>
      <footprints>
        <fp>TerminalBlock*:*</fp>
      </footprints>
      <fields>
        <field name="Reference">J</field>
        <field name="Value">Screw_Terminal_01x02</field>
      </fields>
      <pins>
        <pin num="1" name="Pin_1" type="passive"/>
        <pin num="2" name="Pin_2" type="passive"/>
      </pins>
    </libpart>
    <libpart lib="Device" part="R">
      <description>Resistor</description>
      <docs>~</docs>
      <footprints>
        <fp>R_*</fp>
      </footprints>
      <fields>
        <field name="Reference">R</field>
        <field name="Value">R</field>
      </fields>
      <pins>
        <pin num="1" name="~" type="passive"/>
        <pin num="2" name="~" type="passive"/>
      </pins>
    </libpart>
    <libpart lib="Device" part="R_POT_TRIM">
      <description>Trim-potentiometer</description>
      <docs>~</docs>
      <footprints>
        <fp>Potentiometer*</fp>
      </footprints>
      <fields>
        <field name="Reference">RV</field>
        <field name="Value">R_POT_TRIM</field>
      </fields>
      <pins>
        <pin num="1" name="1" type="passive"/>
        <pin num="2" name="2" type="passive"/>
        <pin num="3" name="3" type="passive"/>
      </pins>
    </libpart>
    <libpart lib="Regulator_Linear" part="LM317_3PinPackage">
      <aliases>
        <alias>AZ1117-ADJ</alias>
      </aliases>
      <description>1A 35V Adjustable Linear Regulator, SOT-89/SOT-223/TO-220/TO-252/TO-263</description>
      <docs>http://www.ti.com/lit/ds/symlink/lm317.pdf</docs>
      <footprints>
        <fp>SOT?223*</fp>
        <fp>SOT?89*</fp>
        <fp>TO?220*</fp>
        <fp>TO?252*</fp>
        <fp>TO?263*</fp>
      </footprints>
      <fields>
        <field name="Reference">U</field>
        <field name="Value">LM317_3PinPackage</field>
      </fields>
      <pins>
        <pin num="1" name="ADJ" type="input"/>
        <pin num="2" name="VO" type="power_out"/>
        <pin num="3" name="VI" type="power_in"/>
      </pins>
    </libpart>
  </libparts>
  <libraries>
    <library logical="Connector">
      <uri>/usr/share/kicad/library/Connector.lib</uri>
    </library>
    <library logical="Device">
      <uri>/usr/share/kicad/library/Device.lib</uri>
    </library>
    <library logical="Regulator_Linear">
      <uri>/usr/share/kicad/library/Regulator_Linear.lib</uri>
    </library>
  </libraries>
  <nets>
    <net code="1" name="Net-(RV3-Pad3)">
      <node ref="RV3" pin="3"/>
    </net>
    <net code="2" name="Net-(J3-Pad1)">
      <node ref="RV1" pin="1"/>
      <node ref="U1" pin="1"/>
      <node ref="J3" pin="1"/>
    </net>
    <net code="3" name="Net-(RV4-Pad3)">
      <node ref="RV4" pin="3"/>
    </net>
    <net code="4" name="Net-(RV2-Pad3)">
      <node ref="RV2" pin="3"/>
    </net>
    <net code="5" name="Net-(RV1-Pad3)">
      <node ref="RV1" pin="3"/>
    </net>
    <net code="6" name="Net-(J2-Pad1)">
      <node ref="U4" pin="1"/>
      <node ref="RV4" pin="1"/>
      <node ref="J2" pin="1"/>
    </net>
    <net code="7" name="Net-(J5-Pad1)">
      <node ref="RV3" pin="1"/>
      <node ref="U3" pin="1"/>
      <node ref="J5" pin="1"/>
    </net>
    <net code="8" name="Net-(J4-Pad1)">
      <node ref="U2" pin="1"/>
      <node ref="RV2" pin="1"/>
      <node ref="J4" pin="1"/>
    </net>
    <net code="9" name="Net-(J1-Pad2)">
      <node ref="U1" pin="3"/>
      <node ref="U4" pin="3"/>
      <node ref="U3" pin="3"/>
      <node ref="U2" pin="3"/>
      <node ref="J1" pin="2"/>
    </net>
    <net code="10" name="Net-(J1-Pad1)">
      <node ref="J1" pin="1"/>
      <node ref="J2" pin="2"/>
      <node ref="J4" pin="2"/>
      <node ref="J5" pin="2"/>
      <node ref="J3" pin="2"/>
    </net>
    <net code="11" name="Net-(R1-Pad1)">
      <node ref="RV1" pin="2"/>
      <node ref="R1" pin="1"/>
    </net>
    <net code="12" name="Net-(R2-Pad1)">
      <node ref="RV2" pin="2"/>
      <node ref="R2" pin="1"/>
    </net>
    <net code="13" name="Net-(R4-Pad2)">
      <node ref="R4" pin="2"/>
      <node ref="U4" pin="2"/>
    </net>
    <net code="14" name="Net-(R3-Pad2)">
      <node ref="R3" pin="2"/>
      <node ref="U3" pin="2"/>
    </net>
    <net code="15" name="Net-(R2-Pad2)">
      <node ref="R2" pin="2"/>
      <node ref="U2" pin="2"/>
    </net>
    <net code="16" name="Net-(R1-Pad2)">
      <node ref="U1" pin="2"/>
      <node ref="R1" pin="2"/>
    </net>
    <net code="17" name="Net-(R4-Pad1)">
      <node ref="RV4" pin="2"/>
      <node ref="R4" pin="1"/>
    </net>
    <net code="18" name="Net-(R3-Pad1)">
      <node ref="RV3" pin="2"/>
      <node ref="R3" pin="1"/>
    </net>
  </nets>
</export>
